"","sample_date","species","plot","tree_number","series_name","dbh_cm"
"1","6/25/2019","POTR","A218",1,"A218t01",40.9
"2","6/25/2019","POTR","A218",2,"A218t02",40.7
"3","6/25/2019","ALDR","A218",3,"A218t03",5.8
"4","6/25/2019","POTR","A218",4,"A218t04",46.1
"5","6/25/2019","POTR","A218",5,"A218t05",41.2
"6","6/25/2019","PIGL","A218",6,"A218t06",29
"7","6/25/2019","BENE","A218",7,"A218t07",26.5
"8","6/25/2019","PIGL","A218",8,"A218t08",20.2
"9","6/25/2019","PIGL","A218",9,"A218t09",14
"10","6/25/2019","PIGL","A218",10,"A218t10",5.6
"11","6/25/2019","PIGL","A218",11,"A218t11",7.6
"12","6/25/2019","PIGL","A218",12,"A218t12",9.3
"13","6/25/2019","BENE","A218",13,"A218t13",20.1
"14","6/25/2019","POTR","A218",14,"A218t14",9.2
"15","6/25/2019","BENE","A218",15,"A218t15",19.4
"16","6/25/2019","POTR","A218",16,"A218t16",7.2
"17","6/25/2019","POTR","A218",17,"A218t17",7.1
"18","6/25/2019","POTR","A218",18,"A218t18",10.8
"19","6/25/2019","POTR","A218",19,"A218t19",16.1
"20","6/25/2019","POTR","A218",20,"A218t20",9.9
"21","6/25/2019","POTR","A218",21,"A218t21",10.1
"22","6/25/2019","POTR","A218",22,"A218t22",16.4
"23","6/25/2019","POTR","A218",23,"A218t23",14.6
"24","6/25/2019","POTR","A218",24,"A218t24",14.6
"25","6/25/2019","POTR","A218",25,"A218t25",12
"26","6/25/2019","PIGL","A218",26,"A218t26",8.6
"27","6/25/2019","POTR","A218",27,"A218t27",9
"28","6/25/2019","POTR","A218",28,"A218t28",24.3
"29","6/25/2019","POTR","A218",29,"A218t29",22.2
"30","6/25/2019","POTR","A218",30,"A218t30",13.9
"31","6/25/2019","PIGL","A218",31,"A218t31",7.3
"32","6/25/2019","PIGL","A218",32,"A218t32",19.1
"33","6/25/2019","BENE","A218",33,"A218t33",25
"34","6/25/2019","BENE","A218",34,"A218t34",29.9
"35","6/25/2019","POTR","A218",35,"A218t35",11.4
"36","6/25/2019","POTR","A218",36,"A218t36",8.8
"37","6/25/2019","POTR","A218",37,"A218t37",16.4
"38","6/25/2019","POTR","A218",38,"A218t38",10.8
"39","6/25/2019","POTR","A218",39,"A218t39",46.2
"40","6/25/2019","POTR","A218",40,"A218t40",10.8
"41","6/25/2019","POTR","A218",41,"A218t41",50.4
"42","6/18/2019","POTR","C138",1,"C138t01",9.7
"43","6/18/2019","POTR","C138",2,"C138t02",11.9
"44","6/18/2019","POTR","C138",3,"C138t03",11.6
"45","6/18/2019","POTR","C138",4,"C138t04",13.8
"46","6/18/2019","PIGL","C138",5,"C138t05",17.3
"47","6/18/2019","POTR","C138",6,"C138t06",19.5
"48","6/18/2019","PIGL","C138",7,"C138t07",13.6
"49","6/18/2019","PIGL","C138",8,"C138t08",11.6
"50","6/18/2019","BENE","C138",9,"C138t09",9.9
"51","6/18/2019","PIGL","C138",10,"C138t10",17.5
"52","6/18/2019","POTR","C138",11,"C138t11",9.2
"53","6/18/2019","POTR","C138",12,"C138t12",9.2
"54","6/18/2019","POTR","C138",13,"C138t13",14.6
"55","6/18/2019","PIGL","C138",14,"C138t14",8.3
"56","6/18/2019","POTR","C138",15,"C138t15",9.8
"57","6/18/2019","PIGL","C138",16,"C138t16",7.3
"58","6/18/2019","PIGL","C138",17,"C138t17",5.3
"59","6/18/2019","PIGL","C138",18,"C138t18",13.6
"60","6/18/2019","PIGL","C138",19,"C138t19",11.5
"61","6/18/2019","PIGL","C138",20,"C138t20",12.2
"62","6/18/2019","POTR","C138",21,"C138t21",9.3
"63","6/18/2019","POTR","C138",22,"C138t22",17.3
"64","6/18/2019","POTR","C138",23,"C138t23",7.7
"65","6/18/2019","POTR","C138",24,"C138t24",12.8
"66","6/18/2019","POTR","C138",25,"C138t25",9.1
"67","6/18/2019","POTR","C138",26,"C138t26",9.6
"68","6/18/2019","BENE","C138",27,"C138t27",11.8
"69","6/18/2019","BENE","C138",28,"C138t28",7.9
"70","6/18/2019","POTR","C138",29,"C138t29",14
"71","6/18/2019","POTR","C138",30,"C138t30",10.1
"72","6/18/2019","POTR","C138",31,"C138t31",13.7
"73","6/18/2019","POTR","C138",32,"C138t32",10.8
"74","6/18/2019","PIGL","C138",33,"C138t33",11.8
"75","6/18/2019","POTR","C138",34,"C138t34",14.8
"76","6/18/2019","PIGL","C138",35,"C138t35",9
"77","6/18/2019","POTR","C138",36,"C138t36",15.4
"78","6/24/2019","POTR","D012",1,"D012t01",24.5
"79","6/24/2019","POTR","D012",2,"D012t02",17.5
"80","6/24/2019","PIGL","D012",3,"D012t03",20
"81","6/24/2019","BENE","D012",4,"D012t04",5.3
"82","6/24/2019","BENE","D012",5,"D012t05",5.6
"83","6/24/2019","BENE","D012",6,"D012t06",6
"84","6/24/2019","POTR","D012",7,"D012t07",17.1
"85","6/24/2019","POTR","D012",8,"D012t08",12.3
"86","6/24/2019","POTR","D012",9,"D012t09",17.9
"87","6/24/2019","POTR","D012",10,"D012t10",22.5
"88","6/24/2019","POTR","D012",11,"D012t11",23
"89","6/24/2019","POTR","D012",12,"D012t12",12.3
"90","6/24/2019","POTR","D012",13,"D012t13",24.6
"91","6/24/2019","POTR","D012",14,"D012t14",17.2
"92","6/24/2019","POTR","D012",15,"D012t15",23.2
"93","6/24/2019","POTR","D012",16,"D012t16",10.7
"94","6/24/2019","POTR","D012",17,"D012t17",23.6
"95","6/24/2019","POTR","D012",18,"D012t18",19
"96","6/24/2019","PIGL","D012",19,"D012t19",32.2
"97","6/24/2019","BENE","D012",20,"D012t20",9
"98","6/24/2019","POTR","D012",21,"D012t21",23.5
"99","6/24/2019","BENE","D012",22,"D012t22",9.3
"100","6/24/2019","BENE","D012",23,"D012t23",12.2
"101","6/24/2019","BENE","D012",24,"D012t24",7.8
"102","6/24/2019","BENE","D012",25,"D012t25",5.2
"103","6/24/2019","BENE","D012",26,"D012t26",12.1
"104","6/24/2019","POTR","D012",27,"D012t27",18.8
"105","6/24/2019","POTR","D012",28,"D012t28",24.7
"106","6/24/2019","POTR","D012",29,"D012t29",9.9
"107","6/24/2019","POTR","D012",30,"D012t30",27.2
"108","6/24/2019","BENE","D012",31,"D012t31",7.1
"109","6/24/2019","POTR","D012",32,"D012t32",28.2
"110","6/24/2019","POTR","D012",33,"D012t33",14.4
"111","6/24/2019","POTR","D012",34,"D012t34",27.9
"112","6/24/2019","POTR","D012",35,"D012t35",14
"113","6/24/2019","POTR","D012",36,"D012t36",14.7
"114","6/24/2019","POTR","D012",37,"D012t37",20
"115","6/24/2019","POTR","D012",38,"D012t38",27.5
"116","6/24/2019","POTR","D017",1,"D017t01",22.1
"117","6/24/2019","POTR","D017",2,"D017t02",14.8
"118","6/24/2019","POTR","D017",3,"D017t03",23.7
"119","6/24/2019","POTR","D017",4,"D017t04",20.8
"120","6/24/2019","POTR","D017",5,"D017t05",19.7
"121","6/24/2019","POTR","D017",6,"D017t06",21.9
"122","6/24/2019","PIGL","D017",7,"D017t07",9.6
"123","6/24/2019","POTR","D017",8,"D017t08",15.8
"124","6/24/2019","POTR","D017",9,"D017t09",29.2
"125","6/24/2019","POTR","D017",10,"D017t10",27.2
"126","6/24/2019","POTR","D017",11,"D017t11",20.4
"127","6/24/2019","POTR","D017",12,"D017t12",19.5
"128","6/24/2019","PIGL","D017",13,"D017t13",13.5
"129","6/24/2019","POTR","D017",14,"D017t14",27.3
"130","6/24/2019","POTR","D017",15,"D017t15",17.1
"131","6/24/2019","POTR","D017",16,"D017t16",18.3
"132","6/24/2019","POTR","D017",17,"D017t17",23.8
"133","6/24/2019","POTR","D017",18,"D017t18",15.9
"134","6/24/2019","POTR","D017",19,"D017t19",25.9
"135","6/24/2019","POTR","D017",20,"D017t20",21.3
"136","6/24/2019","POTR","D017",21,"D017t21",29.1
"137","6/24/2019","POTR","D017",22,"D017t22",17.9
"138","6/24/2019","POTR","D017",23,"D017t23",29.8
"139","6/24/2019","POTR","D017",24,"D017t24",20.5
"140","6/24/2019","POTR","D017",25,"D017t25",15.2
"141","6/24/2019","POTR","D017",26,"D017t26",23.5
"142","6/24/2019","POTR","D017",27,"D017t27",24.3
"143","6/24/2019","POTR","D017",28,"D017t28",23
"144","6/24/2019","POTR","D017",29,"D017t29",27.2
"145","6/24/2019","POTR","D017",30,"D017t30",13.5
"146","6/24/2019","POTR","D017",31,"D017t31",24.4
"147","6/24/2019","PIGL","D017",32,"D017t32",12.5
"148","6/24/2019","POTR","D017",33,"D017t33",28.1
"149","6/24/2019","POTR","D017",34,"D017t34",25.4
"150","6/24/2019","POTR","D017",35,"D017t35",13.6
"151","9/27/2019","POTR","D022",1,"D022t01",23.2
"152","9/27/2019","POTR","D022",2,"D022t02",34.6
"153","9/27/2019","PIGL","D022",3,"D022t03",28.8
"154","9/27/2019","POTR","D022",4,"D022t04",24
"155","9/27/2019","PIGL","D022",5,"D022t05",6.7
"156","9/27/2019","POTR","D022",6,"D022t06",32.8
"157","9/27/2019","PIGL","D022",7,"D022t07",21.9
"158","9/27/2019","POTR","D022",8,"D022t08",38.8
"159","9/27/2019","PIGL","D022",9,"D022t09",14.7
"160","9/27/2019","PIGL","D022",10,"D022t10",11.9
"161","9/27/2019","POTR","D022",11,"D022t11",31.2
"162","9/27/2019","PIGL","D022",12,"D022t12",9.3
"163","9/27/2019","PIGL","D022",13,"D022t13",15.8
"164","9/27/2019","PIGL","D022",14,"D022t14",7.4
"165","9/27/2019","PIGL","D022",15,"D022t15",10.5
"166","9/27/2019","PIGL","D022",16,"D022t16",17.5
"167","9/27/2019","POTR","D022",17,"D022t17",31.6
"168","9/27/2019","POTR","D022",18,"D022t18",34.4
"169","9/27/2019","POTR","D022",19,"D022t19",32.5
"170","9/27/2019","POTR","D022",20,"D022t20",23.1
"171","9/27/2019","POTR","D022",21,"D022t21",28.4
"172","9/27/2019","PIGL","D022",22,"D022t22",8.5
"173","9/27/2019","POTR","D022",23,"D022t23",40.1
"174","9/27/2019","PIGL","D022",24,"D022t24",8.3
"175","9/27/2019","PIGL","D022",25,"D022t25",6
"176","9/27/2019","PIGL","D022",26,"D022t26",8.2
"177","9/27/2019","PIGL","D022",27,"D022t27",8.3
"178","9/27/2019","PIGL","D022",28,"D022t28",6.4
"179","9/27/2019","PIGL","D022",29,"D022t29",5.8
"180","9/27/2019","PIGL","D022",30,"D022t30",5.5
"181","9/27/2019","PIGL","D022",31,"D022t31",6.1
"182","9/27/2019","PIGL","D022",32,"D022t32",7
"183","9/27/2019","PIGL","D022",33,"D022t33",5.6
"184","9/27/2019","PIGL","D022",34,"D022t34",10.2
"185","9/27/2019","PIGL","D022",35,"D022t35",9.2
"186","9/27/2019","PIGL","D022",36,"D022t36",13.9
"187","9/27/2019","PIGL","D022",37,"D022t37",14
"188","9/27/2019","POTR","D022",38,"D022t38",37
"189","9/27/2019","PIGL","D022",39,"D022t39",5.1
"190","9/27/2019","PIGL","D022",40,"D022t40",7.9
"191","9/27/2019","PIGL","D022",41,"D022t41",17.1
"192","9/27/2019","PIGL","D022",42,"D022t42",5.2
"193","9/27/2019","PIGL","D022",43,"D022t43",8.9
"194","9/27/2019","PIGL","D022",44,"D022t44",8.6
"195","9/27/2019","PIGL","D022",45,"D022t45",15.1
"196","9/27/2019","PIGL","D022",46,"D022t46",11.3
"197","9/27/2019","PIGL","D022",47,"D022t47",18.9
"198","9/27/2019","POTR","D022",48,"D022t48",23.6
"199","9/27/2019","PIGL","D022",49,"D022t49",8.2
"200","9/27/2019","PIGL","D022",50,"D022t50",9.3
"201","9/27/2019","PIGL","D022",51,"D022t51",5
"202","9/27/2019","PIGL","D022",52,"D022t52",5.2
"203","9/27/2019","PIGL","D022",53,"D022t53",7.1
"204","9/27/2019","PIGL","D022",54,"D022t54",10.6
"205","9/27/2019","POTR","D022",55,"D022t55",35.7
"206","9/27/2019","POTR","D022",56,"D022t56",25.9
"207","9/27/2019","POTR","D022",57,"D022t57",28.6
"208","9/27/2019","PIGL","D022",58,"D022t58",18.3
"209","9/27/2019","PIGL","D022",59,"D022t59",6.5
"210","9/27/2019","PIGL","D022",60,"D022t60",12.6
"211","9/27/2019","PIGL","D022",61,"D022t61",5.1
"212","9/27/2019","PIGL","D022",62,"D022t62",5
"213","9/27/2019","PIGL","D022",63,"D022t63",5.2
"214","9/27/2019","PIGL","D022",64,"D022t64",9.6
"215","9/27/2019","PIGL","D022",65,"D022t65",8.2
"216","9/27/2019","PIGL","D022",66,"D022t66",6.3
"217","9/27/2019","PIGL","D022",67,"D022t67",10.4
"218","9/27/2019","PIGL","D022",68,"D022t68",9.8
"219","9/27/2019","PIGL","D022",69,"D022t69",9
"220","9/27/2019","PIGL","D022",70,"D022t70",6.9
"221","9/27/2019","PIGL","D022",71,"D022t71",7.7
"222","9/27/2019","PIGL","D022",72,"D022t72",7.6
"223","9/27/2019","PIGL","D022",73,"D022t73",7.2
"224","9/27/2019","PIGL","D022",74,"D022t74",5.8
"225","9/27/2019","PIGL","D022",75,"D022t75",5.1
"226","9/27/2019","PIGL","D022",76,"D022t76",5.1
"227","9/27/2019","PIGL","D022",77,"D022t77",5.2
"228","9/27/2019","PIGL","D022",78,"D022t78",7.8
"229","9/27/2019","PIGL","D022",79,"D022t79",5.3
"230","9/27/2019","POTR","D022",80,"D022t80",32.2
"231","9/27/2019","POTR","D022",81,"D022t81",29.6
"232","9/27/2019","PIGL","D022",82,"D022t82",27.9
"233","9/27/2019","POTR","D022",83,"D022t83",16.3
"234","9/27/2019","PIGL","D022",84,"D022t84",35.9
"235","9/27/2019","PIGL","D022",85,"D022t85",5
"236","9/27/2019","PIGL","D022",86,"D022t86",21.6
"237","9/27/2019","PIGL","D022",87,"D022t87",24.2
"238","9/27/2019","PIGL","D022",88,"D022t88",37.2
"239","9/27/2019","PIGL","D022",89,"D022t89",28.7
"240","9/27/2019","PIGL","D022",90,"D022t90",26.6
"241","9/27/2019","POTR","D022",91,"D022t91",22.3
"242","9/27/2019","PIGL","D022",92,"D022t92",29.7
"243","9/27/2019","PIGL","D022",93,"D022t93",23.6
"244","9/27/2019","PIGL","D022",94,"D022t94",24.1
"245","9/27/2019","POTR","D022",95,"D022t95",30.8
"246","9/27/2019","PIGL","D022",96,"D022t96",5.1
"247","9/27/2019","PIGL","D022",97,"D022t97",5.1
"248","9/27/2019","PIGL","D022",98,"D022t98",7.1
"249","9/27/2019","PIGL","D022",99,"D022t99",7.8
"250","9/27/2019","POTR","D022",100,"D022100",25.2
"251","9/27/2019","PIGL","D022",101,"D022t101",7.8
"252","9/27/2019","PIGL","D022",102,"D022t102",8.7
"253","9/27/2019","PIGL","D022",103,"D022t103",14.9
"254","9/27/2019","POTR","D022",104,"D022104",23.9
"255","9/27/2019","PIGL","D022",105,"D022t105",28.7
"256","9/27/2019","PIGL","D022",106,"D022t106",28.3
"257","9/26/2019","POTR","D953",1,"D953t01",16.7
"258","9/26/2019","POTR","D953",2,"D953t02",13.4
"259","9/26/2019","POTR","D953",3,"D953t03",15
"260","9/26/2019","POTR","D953",4,"D953t04",15.3
"261","9/26/2019","POTR","D953",5,"D953t05",17.7
"262","9/26/2019","POTR","D953",6,"D953t06",13.7
"263","9/26/2019","POTR","D953",7,"D953t07",9.3
"264","9/26/2019","POTR","D953",8,"D953t08",14.9
"265","9/26/2019","POTR","D953",9,"D953t09",12.3
"266","9/26/2019","POTR","D953",10,"D953t10",18.3
"267","9/26/2019","POTR","D953",11,"D953t11",15
"268","9/26/2019","POTR","D953",12,"D953t12",11.4
"269","9/26/2019","POTR","D953",13,"D953t13",9.7
"270","9/26/2019","POTR","D953",14,"D953t14",13.1
"271","9/26/2019","POTR","D953",15,"D953t15",16.2
"272","9/26/2019","POTR","D953",16,"D953t16",14.6
"273","9/26/2019","POTR","D953",17,"D953t17",14.5
"274","9/26/2019","POTR","D953",18,"D953t18",17.4
"275","9/26/2019","POTR","D953",19,"D953t19",13.7
"276","9/26/2019","POTR","D953",20,"D953t20",16.6
"277","9/26/2019","POTR","D953",21,"D953t21",17
"278","9/26/2019","POTR","D953",22,"D953t22",12
"279","9/26/2019","POTR","D953",23,"D953t23",13.8
"280","9/26/2019","POTR","D953",24,"D953t24",12.9
"281","9/26/2019","POTR","D953",25,"D953t25",8.8
"282","9/26/2019","PIGL","D953",26,"D953t26",5.9
"283","9/26/2019","POTR","D953",27,"D953t27",16.2
"284","9/26/2019","POTR","D953",28,"D953t28",13.7
"285","9/26/2019","POTR","D953",29,"D953t29",18.1
"286","9/26/2019","POTR","D953",30,"D953t30",11.6
"287","9/26/2019","POTR","D953",31,"D953t31",14.7
"288","9/26/2019","POTR","D953",32,"D953t32",13.7
"289","9/26/2019","POTR","D953",33,"D953t33",18.5
"290","9/26/2019","POTR","D953",34,"D953t34",15.8
"291","9/26/2019","POTR","D953",35,"D953t35",16
"292","9/26/2019","POTR","D953",36,"D953t36",13.9
"293","9/26/2019","POTR","D953",37,"D953t37",15.5
"294","9/26/2019","POTR","D953",38,"D953t38",11.7
"295","9/26/2019","POTR","D953",39,"D953t39",14.5
"296","9/26/2019","POTR","D953",40,"D953t40",13.4
"297","9/26/2019","POTR","D953",41,"D953t41",9.8
"298","9/26/2019","POTR","D953",42,"D953t42",17.3
"299","9/26/2019","POTR","D953",43,"D953t43",13.7
"300","9/26/2019","POTR","D953",44,"D953t44",13.4
"301","9/26/2019","POTR","D953",45,"D953t45",14.3
"302","9/26/2019","POTR","D953",46,"D953t46",16.3
"303","9/26/2019","POTR","D953",47,"D953t47",14.3
"304","9/26/2019","POTR","D953",48,"D953t48",11
"305","9/26/2019","POTR","D953",49,"D953t49",11
"306","9/26/2019","POTR","D953",50,"D953t50",15
"307","9/26/2019","POTR","D953",51,"D953t51",11.6
"308","6/21/2019","POTR","F107",1,"F107t01",24
"309","6/21/2019","POTR","F107",2,"F107t02",20.5
"310","6/21/2019","POTR","F107",3,"F107t03",20.1
"311","6/21/2019","POTR","F107",4,"F107t04",24.6
"312","6/21/2019","POTR","F107",5,"F107t05",19.3
"313","6/21/2019","POTR","F107",6,"F107t06",27
"314","6/21/2019","POTR","F107",7,"F107t07",19.2
"315","6/21/2019","POTR","F107",8,"F107t08",28.8
"316","6/21/2019","POTR","F107",9,"F107t09",16.5
"317","6/21/2019","POTR","F107",10,"F107t10",9
"318","6/21/2019","POTR","F107",11,"F107t11",25.6
"319","6/21/2019","POTR","F107",12,"F107t12",21
"320","6/21/2019","POTR","F107",13,"F107t13",19.5
"321","6/21/2019","POTR","F107",14,"F107t14",21
"322","6/21/2019","POTR","F107",15,"F107t15",23.5
"323","6/21/2019","POTR","F107",16,"F107t16",21.7
"324","6/21/2019","POTR","F107",17,"F107t17",29.4
"325","6/21/2019","POTR","F107",18,"F107t18",24.9
"326","6/21/2019","POTR","F107",19,"F107t19",25.7
"327","6/21/2019","POTR","F107",20,"F107t20",19.5
"328","6/21/2019","SALX","F107",21,"F107t21",10.4
"329","6/21/2019","SALX","F107",22,"F107t22",11.4
"330","6/21/2019","POTR","F107",23,"F107t23",18
"331","6/21/2019","POTR","F107",24,"F107t24",17.1
"332","6/21/2019","POTR","F107",25,"F107t25",22.7
"333","6/21/2019","SALX","F107",26,"F107t26",7.4
"334","6/21/2019","POTR","F107",27,"F107t27",24.9
"335","6/21/2019","POTR","F107",28,"F107t28",25.8
"336","6/21/2019","POTR","F107",29,"F107t29",26.2
"337","6/21/2019","POTR","F107",30,"F107t30",16.2
"338","6/21/2019","POTR","F107",31,"F107t31",11.4
"339","6/21/2019","BENE","F107",32,"F107t32",29.6
"340","6/21/2019","POTR","F107",33,"F107t33",20.7
"341","6/21/2019","SALX","F107",34,"F107t34",8.9
"342","6/21/2019","POTR","F107",35,"F107t35",18.1
"343","6/21/2019","POTR","F107",36,"F107t36",19.8
"344","6/21/2019","POTR","F107",37,"F107t37",18.1
"345","6/21/2019","POTR","F107",38,"F107t38",21
"346","6/21/2019","POTR","F107",39,"F107t39",8.4
"347","6/21/2019","POTR","F107",40,"F107t40",15.4
"348","6/21/2019","POTR","F107",41,"F107t41",22
"349","6/21/2019","POTR","F107",42,"F107t42",24.5
"350","6/21/2019","POTR","F107",43,"F107t43",20.1
"351","6/21/2019","POTR","F107",44,"F107t44",11.8
"352","6/21/2019","POTR","F107",45,"F107t45",11.8
"353","6/21/2019","POTR","F107",46,"F107t46",21.2
"354","6/21/2019","POTR","F109",1,"F109t01",18.8
"355","6/21/2019","POTR","F109",2,"F109t02",16.5
"356","6/21/2019","POTR","F109",3,"F109t03",12.9
"357","6/21/2019","POTR","F109",4,"F109t04",19.7
"358","6/21/2019","POTR","F109",5,"F109t05",12.3
"359","6/21/2019","POTR","F109",6,"F109t06",13.7
"360","6/21/2019","POTR","F109",7,"F109t07",23.8
"361","6/21/2019","POTR","F109",8,"F109t08",13.4
"362","6/21/2019","POTR","F109",9,"F109t09",23.1
"363","6/21/2019","POTR","F109",10,"F109t10",16.3
"364","6/21/2019","POTR","F109",11,"F109t11",9.1
"365","6/21/2019","POTR","F109",12,"F109t12",12.3
"366","6/21/2019","POTR","F109",13,"F109t13",12.1
"367","6/21/2019","POTR","F109",14,"F109t14",19.5
"368","6/21/2019","POTR","F109",15,"F109t15",19.4
"369","6/21/2019","POTR","F109",16,"F109t16",15.8
"370","6/21/2019","POTR","F109",17,"F109t17",20.7
"371","6/21/2019","POTR","F109",18,"F109t18",11.5
"372","6/21/2019","POTR","F109",19,"F109t19",12.3
"373","6/21/2019","POTR","F109",20,"F109t20",21
"374","6/21/2019","POTR","F109",21,"F109t21",13.2
"375","6/21/2019","POTR","F109",22,"F109t22",11.1
"376","6/21/2019","POTR","F109",23,"F109t23",12.3
"377","6/21/2019","POTR","F109",24,"F109t24",11.9
"378","6/21/2019","POTR","F109",25,"F109t25",11.4
"379","6/21/2019","POTR","F109",26,"F109t26",17
"380","6/21/2019","POTR","F109",27,"F109t27",13.8
"381","6/21/2019","POTR","F109",28,"F109t28",8.8
"382","6/21/2019","POTR","F109",29,"F109t29",14.5
"383","6/21/2019","POTR","F109",30,"F109t30",11.2
"384","6/21/2019","POTR","F109",31,"F109t31",12.3
"385","6/21/2019","POTR","F109",32,"F109t32",10.3
"386","6/21/2019","POTR","F109",33,"F109t33",12.1
"387","6/21/2019","POTR","F109",34,"F109t34",11.9
"388","6/21/2019","POTR","F109",35,"F109t35",9.8
"389","6/21/2019","POTR","F109",36,"F109t36",11.5
"390","6/21/2019","POTR","F109",37,"F109t37",15.5
"391","6/21/2019","POTR","F109",38,"F109t38",16.5
"392","6/21/2019","POTR","F109",39,"F109t39",11.5
"393","6/21/2019","POTR","F109",40,"F109t40",14.8
"394","6/21/2019","POTR","F109",41,"F109t41",11.8
"395","6/21/2019","POTR","F109",42,"F109t42",17.1
"396","6/21/2019","POTR","F109",43,"F109t43",15.2
"397","6/21/2019","POTR","F109",44,"F109t44",12.3
"398","6/21/2019","POTR","F109",45,"F109t45",9.1
"399","6/21/2019","POTR","F109",46,"F109t46",13.4
"400","6/21/2019","POTR","F109",47,"F109t47",13.1
"401","6/21/2019","POTR","F109",48,"F109t48",19.8
"402","6/21/2019","POTR","F109",49,"F109t49",14.9
"403","6/21/2019","POTR","F109",50,"F109t50",15.5
"404","6/21/2019","POTR","F109",51,"F109t51",13.4
"405","6/21/2019","POTR","F109",52,"F109t52",13.7
"406","6/21/2019","POTR","F109",53,"F109t53",17.1
"407","6/21/2019","POTR","F109",54,"F109t54",5.7
"408","6/21/2019","POTR","F109",55,"F109t55",22.3
"409","6/21/2019","POTR","F109",56,"F109t56",16.1
"410","6/21/2019","POTR","F109",57,"F109t57",15.5
"411","6/21/2019","POTR","F109",58,"F109t58",25.1
"412","6/21/2019","POTR","F109",59,"F109t59",23.7
"413","6/21/2019","POTR","F109",60,"F109t60",19.4
"414","6/21/2019","POTR","F109",61,"F109t61",22.2
"415","6/21/2019","POTR","F109",62,"F109t62",26.4
"416","6/21/2019","POTR","F109",63,"F109t63",18.8
"417","6/21/2019","POTR","F109",64,"F109t64",15
"418","6/21/2019","PIGL","F109",65,"F109t65",7
"419","6/21/2019","BENE","F109",66,"F109t66",12.4
"420","6/21/2019","BENE","F109",67,"F109t67",14.4
"421","6/21/2019","POTR","F109",68,"F109t68",18.9
"422","6/24/2019","POTR","H039",1,"H039t01",39
"423","6/24/2019","BENE","H039",2,"H039t02",17.8
"424","6/24/2019","POTR","H039",3,"H039t03",45.6
"425","6/24/2019","BENE","H039",4,"H039t04",18.5
"426","6/24/2019","POTR","H039",5,"H039t05",52.3
"427","6/24/2019","BENE","H039",6,"H039t06",16.2
"428","6/24/2019","BENE","H039",7,"H039t07",8.4
"429","6/24/2019","BENE","H039",8,"H039t08",5.6
"430","6/24/2019","POTR","H039",9,"H039t09",43.5
"431","6/24/2019","POTR","H039",10,"H039t10",47.6
"432","6/24/2019","POTR","H039",11,"H039t11",20.7
"433","6/24/2019","POTR","H039",12,"H039t12",37.1
"434","6/24/2019","POTR","H039",13,"H039t13",44.4
"435","6/24/2019","POTR","H039",14,"H039t14",40.1
"436","6/24/2019","POTR","H039",15,"H039t15",38.6
"437","6/24/2019","POTR","H039",16,"H039t16",39.7
"438","6/24/2019","BENE","H039",17,"H039t17",14.3
"439","6/24/2019","BENE","H039",18,"H039t18",22.1
"440","6/24/2019","POTR","H039",19,"H039t19",47.5
"441","6/24/2019","POTR","H039",20,"H039t20",12.9
"442","6/24/2019","BENE","H039",21,"H039t21",13.8
"443","6/24/2019","POTR","H039",22,"H039t22",44.9
"444","6/24/2019","POTR","H039",23,"H039t23",43.6
"445","6/24/2019","POTR","H039",24,"H039t24",15.4
"446","6/20/2019","POTR","L135",1,"L135t01",12.6
"447","6/20/2019","POTR","L135",2,"L135t02",8.6
"448","6/20/2019","POTR","L135",3,"L135t03",9.6
"449","6/20/2019","POTR","L135",4,"L135t04",7.1
"450","6/20/2019","POTR","L135",5,"L135t05",10.6
"451","6/20/2019","POTR","L135",6,"L135t06",12.2
"452","6/20/2019","PIGL","L135",7,"L135t07",10.2
"453","6/20/2019","POTR","L135",8,"L135t08",10.5
"454","6/20/2019","POTR","L135",9,"L135t09",10.4
"455","6/20/2019","POTR","L135",10,"L135t10",7.3
"456","6/20/2019","PIGL","L135",11,"L135t11",5.3
"457","6/20/2019","POTR","L135",12,"L135t12",12
"458","6/20/2019","PIGL","L135",13,"L135t13",21.9
"459","6/20/2019","POTR","L135",14,"L135t14",9.4
"460","6/20/2019","POTR","L135",15,"L135t15",10.7
"461","6/20/2019","PIGL","L135",16,"L135t16",6.9
"462","6/20/2019","POTR","L135",17,"L135t17",13
"463","6/20/2019","POTR","L135",18,"L135t18",9.6
"464","6/20/2019","POTR","L135",19,"L135t19",8
"465","6/20/2019","POTR","L135",20,"L135t20",12.8
"466","6/20/2019","POTR","L135",21,"L135t21",10.8
"467","6/20/2019","POTR","L135",22,"L135t22",11.3
"468","6/20/2019","POTR","L135",23,"L135t23",7.2
"469","6/20/2019","POTR","L135",24,"L135t24",14.1
"470","6/20/2019","POTR","L135",25,"L135t25",10
"471","6/20/2019","PIGL","L135",26,"L135t26",6.8
"472","6/20/2019","POTR","L135",27,"L135t27",6.4
"473","6/20/2019","POTR","L135",28,"L135t28",11
"474","6/20/2019","PIGL","L135",29,"L135t29",8.7
"475","6/20/2019","POTR","L135",30,"L135t30",10.4
"476","6/20/2019","POTR","L135",31,"L135t31",10.7
"477","6/20/2019","POTR","L135",32,"L135t32",10.7
"478","6/20/2019","POTR","L135",33,"L135t33",9.8
"479","6/20/2019","POTR","L135",34,"L135t34",6.3
"480","6/20/2019","POTR","L135",35,"L135t35",11.3
"481","6/20/2019","POTR","L135",36,"L135t36",11.4
"482","6/20/2019","POTR","L135",37,"L135t37",6.7
"483","6/20/2019","POTR","L135",38,"L135t38",6.3
"484","6/20/2019","POTR","L135",39,"L135t39",6.8
"485","6/20/2019","POTR","L135",40,"L135t40",10.4
"486","6/20/2019","POTR","L135",41,"L135t41",6.2
"487","6/20/2019","PIGL","L135",42,"L135t42",9.6
"488","6/20/2019","POTR","L135",43,"L135t43",8.8
"489","6/20/2019","POTR","L135",44,"L135t44",8.9
"490","6/20/2019","POTR","L135",45,"L135t45",6.3
"491","6/20/2019","PIGL","L135",46,"L135t46",9.5
"492","6/20/2019","POTR","L135",47,"L135t47",10.1
"493","6/20/2019","POTR","L135",48,"L135t48",8.1
"494","6/20/2019","POTR","L135",49,"L135t49",10.9
"495","6/20/2019","POTR","L135",50,"L135t50",13.2
"496","6/20/2019","POTR","L135",51,"L135t51",10.9
"497","6/20/2019","PIGL","L135",52,"L135t52",8.5
"498","6/20/2019","PIGL","L135",53,"L135t53",8.5
"499","6/20/2019","POTR","L135",54,"L135t54",7.8
"500","6/20/2019","POTR","L135",55,"L135t55",8.2
"501","6/20/2019","POTR","L135",56,"L135t56",12.7
"502","6/20/2019","POTR","L135",57,"L135t57",9
"503","6/20/2019","POTR","L135",58,"L135t58",8.3
"504","6/20/2019","POTR","L135",59,"L135t59",9.5
"505","6/20/2019","PIGL","L135",60,"L135t60",5.1
"506","6/20/2019","POTR","L135",61,"L135t61",7.7
"507","6/20/2019","POTR","L135",62,"L135t62",11.7
"508","6/20/2019","POTR","L135",63,"L135t63",9.8
"509","6/20/2019","POTR","L135",64,"L135t64",9.1
"510","6/20/2019","PIGL","L135",65,"L135t65",10.1
"511","6/20/2019","POTR","L135",66,"L135t66",9.8
"512","6/20/2019","POTR","L135",67,"L135t67",9.6
"513","6/20/2019","PIGL","L135",68,"L135t68",8.2
"514","6/20/2019","POTR","L135",69,"L135t69",11.5
"515","6/20/2019","POTR","L135",70,"L135t70",9.4
"516","6/20/2019","POTR","L135",71,"L135t71",10.1
"517","6/20/2019","POTR","L135",72,"L135t72",8.5
"518","6/20/2019","POTR","L135",73,"L135t73",8.5
"519","6/20/2019","POTR","L135",74,"L135t74",9.1
"520","6/20/2019","PIGL","L135",75,"L135t75",9.7
"521","6/20/2019","PIGL","L135",76,"L135t76",10
"522","6/20/2019","PIGL","L135",77,"L135t77",9.3
"523","6/20/2019","POTR","L135",78,"L135t78",10.2
"524","5/16/2019","BENE","M002",2,"M002t02",6.5
"525","5/16/2019","BENE","M002",3,"M002t03",6.6
"526","5/16/2019","POTR","M002",4,"M002t04",9.6
"527","5/16/2019","POTR","M002",5,"M002t05",13.9
"528","5/16/2019","POTR","M002",6,"M002t06",14.2
"529","5/16/2019","POTR","M002",7,"M002t07",12.4
"530","5/16/2019","POTR","M002",8,"M002t08",19.2
"531","5/16/2019","POTR","M002",9,"M002t09",15.2
"532","5/16/2019","POTR","M002",10,"M002t10",20.6
"533","5/16/2019","POTR","M002",11,"M002t11",11.7
"534","5/16/2019","POTR","M002",12,"M002t12",15.7
"535","5/16/2019","POTR","M002",13,"M002t13",17.6
"536","5/16/2019","POTR","M002",14,"M002t14",13.9
"537","5/16/2019","POTR","M002",15,"M002t15",18.2
"538","5/16/2019","POTR","M002",16,"M002t16",19.5
"539","5/16/2019","BENE","M002",17,"M002t17",5.6
"540","5/16/2019","POTR","M002",18,"M002t18",13.1
"541","5/16/2019","POTR","M002",19,"M002t19",16.5
"542","5/16/2019","POTR","M002",20,"M002t20",19.3
"543","5/16/2019","BENE","M002",21,"M002t21",5.5
"544","5/16/2019","BENE","M002",23,"M002t23",6.7
"545","5/16/2019","POTR","M002",24,"M002t24",18.1
"546","5/16/2019","POTR","M002",26,"M002t26",14
"547","5/16/2019","POTR","M002",27,"M002t27",20.4
"548","5/16/2019","POTR","M002",28,"M002t28",19.9
"549","5/16/2019","POTR","M002",29,"M002t29",23.6
"550","5/16/2019","POTR","M002",30,"M002t30",12
"551","5/16/2019","POTR","M002",31,"M002t31",16.1
"552","5/16/2019","POTR","M002",32,"M002t32",18.6
"553","6/26/2019","POTR","M129",1,"M129t01",30.2
"554","6/26/2019","POTR","M129",2,"M129t02",23.6
"555","6/26/2019","PIGL","M129",3,"M129t03",28.7
"556","6/26/2019","POTR","M129",4,"M129t04",22.9
"557","6/26/2019","POTR","M129",5,"M129t05",26.9
"558","6/26/2019","POTR","M129",6,"M129t06",23
"559","6/26/2019","POTR","M129",7,"M129t07",30.3
"560","6/26/2019","POTR","M129",8,"M129t08",20.5
"561","6/26/2019","BENE","M129",9,"M129t09",9.7
"562","6/26/2019","POTR","M129",10,"M129t10",21.4
"563","6/26/2019","PIGL","M129",11,"M129t11",28
"564","6/26/2019","POTR","M129",12,"M129t12",21.4
"565","6/26/2019","POTR","M129",13,"M129t13",17.7
"566","6/26/2019","BENE","M129",14,"M129t14",6.8
"567","6/26/2019","BENE","M129",15,"M129t15",7.3
"568","6/26/2019","PIGL","M129",16,"M129t16",30.6
"569","6/26/2019","BENE","M129",17,"M129t17",13
"570","6/26/2019","POTR","M129",18,"M129t18",23.5
"571","6/26/2019","POTR","M129",19,"M129t19",21
"572","6/26/2019","POTR","M129",20,"M129t20",25
"573","6/26/2019","PIGL","M129",21,"M129t21",19.9
"574","6/26/2019","POTR","M129",22,"M129t22",21.1
"575","6/26/2019","POTR","M129",23,"M129t23",18.7
"576","6/26/2019","POTR","M129",24,"M129t24",21.9
"577","6/26/2019","POTR","M129",25,"M129t25",22.2
"578","6/26/2019","POTR","M129",26,"M129t26",25.6
"579","6/26/2019","POTR","M129",27,"M129t27",28.6
"580","6/26/2019","POTR","M129",28,"M129t28",25.9
"581","6/26/2019","PIGL","M129",29,"M129t29",6.3
"582","6/26/2019","POTR","M129",30,"M129t30",22.4
"583","6/26/2019","POTR","M129",31,"M129t31",27.9
"584","6/26/2019","PIGL","M129",32,"M129t32",6.6
"585","6/21/2019","POTR","M317",1,"M317t01",23.5
"586","6/21/2019","POTR","M317",2,"M317t02",19.7
"587","6/21/2019","BENE","M317",3,"M317t03",39.9
"588","6/21/2019","BENE","M317",4,"M317t04",26.6
"589","6/21/2019","BENE","M317",5,"M317t05",10
"590","6/21/2019","POTR","M317",6,"M317t06",19.2
"591","6/21/2019","POTR","M317",7,"M317t07",23.8
"592","6/21/2019","POTR","M317",8,"M317t08",22
"593","6/21/2019","POTR","M317",9,"M317t09",22
"594","6/21/2019","POTR","M317",10,"M317t10",12.5
"595","6/21/2019","POTR","M317",11,"M317t11",15.9
"596","6/21/2019","POTR","M317",12,"M317t12",15.3
"597","6/21/2019","POTR","M317",13,"M317t13",18.4
"598","6/21/2019","BENE","M317",14,"M317t14",19.9
"599","6/21/2019","POTR","M317",15,"M317t15",16.1
"600","6/21/2019","POTR","M317",16,"M317t16",16.6
"601","6/21/2019","BENE","M317",17,"M317t17",12.2
"602","6/21/2019","BENE","M317",18,"M317t18",8.3
"603","6/21/2019","BENE","M317",19,"M317t19",10.7
"604","6/21/2019","BENE","M317",20,"M317t20",9
"605","6/21/2019","BENE","M317",21,"M317t21",5.6
"606","6/21/2019","BENE","M317",22,"M317t22",8.4
"607","6/21/2019","BENE","M317",23,"M317t23",13.4
"608","6/21/2019","BENE","M317",24,"M317t24",7.7
"609","6/21/2019","BENE","M317",25,"M317t25",8.9
"610","6/21/2019","POTR","M317",26,"M317t26",19.6
"611","6/21/2019","POTR","M317",27,"M317t27",23.3
"612","6/21/2019","POTR","M317",28,"M317t28",19.3
"613","6/21/2019","BENE","M317",29,"M317t29",6.7
"614","6/21/2019","BENE","M317",30,"M317t30",7.6
"615","6/21/2019","PIGL","M317",31,"M317t31",10.9
"616","6/21/2019","POTR","M317",32,"M317t32",11.3
"617","6/21/2019","POTR","M317",33,"M317t33",8
"618","6/21/2019","POTR","M317",34,"M317t34",17.2
"619","6/21/2019","BENE","M317",35,"M317t35",5.6
"620","6/21/2019","POTR","M317",36,"M317t36",11.8
"621","6/21/2019","PIGL","M317",37,"M317t37",11.8
"622","6/21/2019","PIGL","M317",38,"M317t38",10.1
"623","6/21/2019","POTR","M317",39,"M317t39",10.3
"624","6/21/2019","PIGL","M317",40,"M317t40",5.9
"625","6/21/2019","POTR","M317",41,"M317t41",18.1
"626","6/21/2019","PIGL","M317",42,"M317t42",6.5
"627","6/21/2019","POTR","M317",43,"M317t43",18.7
"628","6/21/2019","PIGL","M317",44,"M317t44",5.3
"629","6/21/2019","POTR","M317",45,"M317t45",10.4
"630","6/21/2019","POTR","M317",46,"M317t46",15.2
"631","6/21/2019","POTR","M317",47,"M317t47",13.9
"632","6/21/2019","POTR","M317",48,"M317t48",23.9
"633","6/21/2019","POTR","M317",49,"M317t49",16
"634","6/21/2019","BENE","M317",50,"M317t50",7.7
"635","6/21/2019","POTR","M317",51,"M317t51",10.1
"636","6/21/2019","BENE","M317",52,"M317t52",6.8
"637","6/21/2019","BENE","M317",53,"M317t53",12
"638","6/21/2019","BENE","M317",54,"M317t54",12
"639","6/21/2019","BENE","M317",55,"M317t55",7.7
"640","6/21/2019","POTR","M317",56,"M317t56",18.3
"641","6/21/2019","POTR","M317",57,"M317t57",13.6
"642","6/21/2019","POTR","M317",58,"M317t58",9
"643","6/21/2019","BENE","M317",59,"M317t59",14.5
"644","6/28/2019","POTR","N142",1,"N142t01",14.4
"645","6/19/2019","POTR","N124",1,"N124t01",19.6
"646","6/28/2019","POTR","N142",2,"N142t02",21.5
"647","6/19/2019","POTR","N124",2,"N124t02",31.7
"648","6/28/2019","POTR","N142",3,"N142t03",15.5
"649","6/19/2019","POTR","N124",3,"N124t03",32.9
"650","6/28/2019","POTR","N142",4,"N142t04",23.8
"651","6/19/2019","POTR","N124",4,"N124t04",29.4
"652","6/28/2019","POTR","N142",5,"N142t05",21.3
"653","6/19/2019","POTR","N124",5,"N124t05",35.5
"654","6/28/2019","POTR","N142",6,"N142t06",13.1
"655","6/19/2019","POTR","N124",6,"N124t06",29.5
"656","6/28/2019","BENE","N142",7,"N142t07",10.3
"657","6/19/2019","POTR","N124",7,"N124t07",32.5
"658","6/28/2019","POTR","N142",8,"N142t08",16.8
"659","6/19/2019","POTR","N124",8,"N124t08",26.7
"660","6/28/2019","POTR","N142",9,"N142t09",21.7
"661","6/19/2019","POTR","N124",9,"N124t09",23.7
"662","6/28/2019","POTR","N142",10,"N142t10",12
"663","6/19/2019","POTR","N124",10,"N124t10",26.4
"664","6/28/2019","POTR","N142",11,"N142t11",19
"665","6/19/2019","POTR","N124",11,"N124t11",28.7
"666","6/28/2019","POTR","N142",12,"N142t12",20.2
"667","6/19/2019","POTR","N124",12,"N124t12",27
"668","6/28/2019","POTR","N142",13,"N142t13",15.6
"669","6/19/2019","POTR","N124",13,"N124t13",28.7
"670","6/28/2019","BENE","N142",14,"N142t14",8.4
"671","6/19/2019","POTR","N124",14,"N124t14",28.5
"672","6/28/2019","POTR","N142",15,"N142t15",14.2
"673","6/19/2019","POTR","N124",15,"N124t15",30.5
"674","6/28/2019","POTR","N142",16,"N142t16",12.8
"675","6/19/2019","POTR","N124",16,"N124t16",23.3
"676","6/28/2019","POTR","N142",17,"N142t17",22.5
"677","6/19/2019","POTR","N124",17,"N124t17",28
"678","6/28/2019","POTR","N142",18,"N142t18",11.6
"679","6/19/2019","POTR","N124",18,"N124t18",25.6
"680","6/28/2019","POTR","N142",19,"N142t19",19.4
"681","6/19/2019","POTR","N124",19,"N124t19",25.2
"682","6/28/2019","POTR","N142",20,"N142t20",13.7
"683","6/19/2019","POTR","N124",20,"N124t20",31.3
"684","6/28/2019","POTR","N142",21,"N142t21",12.3
"685","6/19/2019","POTR","N124",21,"N124t21",34
"686","6/28/2019","POTR","N142",22,"N142t22",19.5
"687","6/19/2019","POTR","N124",22,"N124t22",33.1
"688","6/28/2019","POTR","N142",23,"N142t23",14
"689","6/19/2019","POTR","N124",23,"N124t23",37.5
"690","6/28/2019","POTR","N142",24,"N142t24",15.2
"691","6/19/2019","PIGL","N124",24,"N124t24",10.2
"692","6/28/2019","POTR","N142",25,"N142t25",20.6
"693","6/19/2019","POTR","N124",25,"N124t25",23.7
"694","6/28/2019","BENE","N142",26,"N142t26",6.6
"695","6/19/2019","POTR","N124",26,"N124t26",31.7
"696","6/28/2019","POTR","N142",27,"N142t27",20.1
"697","6/19/2019","PIGL","N124",27,"N124t27",11.2
"698","6/28/2019","POTR","N142",28,"N142t28",22.3
"699","6/19/2019","POTR","N124",28,"N124t28",30.3
"700","6/28/2019","BENE","N142",29,"N142t29",7.1
"701","6/19/2019","POTR","N124",29,"N124t29",43.3
"702","6/28/2019","POTR","N142",30,"N142t30",15.6
"703","6/19/2019","POTR","N124",30,"N124t30",31
"704","6/28/2019","POTR","N142",31,"N142t31",10.9
"705","6/19/2019","POTR","N124",31,"N124t31",34.5
"706","6/28/2019","PIGL","N142",32,"N142t32",9.3
"707","6/19/2019","POTR","N124",32,"N124t32",33
"708","6/28/2019","POTR","N142",33,"N142t33",15.5
"709","6/28/2019","POTR","N142",34,"N142t34",21.3
"710","6/28/2019","POTR","N142",35,"N142t35",20.6
"711","6/28/2019","PIGL","N142",36,"N142t36",6.7
"712","6/28/2019","BENE","N142",37,"N142t37",6.6
"713","6/28/2019","POTR","N142",38,"N142t38",15.5
"714","6/28/2019","POTR","N142",39,"N142t39",15.5
"715","6/28/2019","BENE","N142",40,"N142t40",9.9
"716","6/28/2019","POTR","N142",41,"N142t41",12.5
"717","6/28/2019","POTR","N142",42,"N142t42",8.4
"718","6/28/2019","POTR","N142",43,"N142t43",13.7
"719","6/28/2019","POTR","N142",44,"N142t44",8.7
"720","6/28/2019","PIGL","N142",45,"N142t45",6.5
"721","6/28/2019","BENE","N142",46,"N142t46",7.3
"722","6/28/2019","POTR","N142",47,"N142t47",17.1
"723","6/28/2019","PIGL","N142",48,"N142t48",8.6
"724","6/28/2019","POTR","N142",49,"N142t49",16
"725","6/28/2019","POTR","N142",50,"N142t50",16.6
"726","6/28/2019","BENE","N142",51,"N142t51",6.7
"727","6/28/2019","POTR","N142",52,"N142t52",11.7
"728","6/28/2019","POTR","N142",53,"N142t53",11.7
"729","6/28/2019","POTR","N142",54,"N142t54",11.7
"730","6/28/2019","POTR","N142",55,"N142t55",18.4
"731","6/28/2019","POTR","N142",56,"N142t56",14.8
"732","6/28/2019","POTR","N142",57,"N142t57",14.2
"733","6/28/2019","POTR","N142",58,"N142t58",18
"734","6/28/2019","POTR","N142",59,"N142t59",20.5
"735","6/28/2019","POTR","N142",60,"N142t60",23.6
"736","6/28/2019","POTR","N142",61,"N142t61",15.6
"737","6/19/2019","POTR","N117",1,"N117t01",10.9
"738","6/19/2019","POTR","N117",2,"N117t02",7.1
"739","6/19/2019","POTR","N117",3,"N117t03",6.2
"740","6/19/2019","POTR","N117",4,"N117t04",9.4
"741","6/19/2019","POTR","N117",5,"N117t05",16.6
"742","6/19/2019","POTR","N117",6,"N117t06",6.2
"743","6/19/2019","POTR","N117",7,"N117t07",13.5
"744","6/19/2019","POTR","N117",8,"N117t08",10.5
"745","6/19/2019","POTR","N117",9,"N117t09",7.5
"746","6/19/2019","POTR","N117",10,"N117t10",6.1
"747","6/19/2019","POTR","N117",11,"N117t11",14
"748","6/19/2019","POTR","N117",12,"N117t12",8.2
"749","6/19/2019","POTR","N117",13,"N117t13",8.3
"750","6/19/2019","POTR","N117",14,"N117t14",8.3
"751","6/19/2019","POTR","N117",15,"N117t15",11.2
"752","6/19/2019","POTR","N117",16,"N117t16",15.4
"753","6/19/2019","PIGL","N117",17,"N117t17",8.3
"754","6/19/2019","POTR","N117",18,"N117t18",8.8
"755","6/19/2019","POTR","N117",19,"N117t19",17
"756","6/19/2019","POTR","N117",20,"N117t20",5
"757","6/19/2019","POTR","N117",21,"N117t21",17.6
"758","6/19/2019","POTR","N117",22,"N117t22",16.3
"759","6/19/2019","POTR","N117",23,"N117t23",14.5
"760","6/19/2019","POTR","N117",24,"N117t24",11.6
"761","6/19/2019","POTR","N117",25,"N117t25",13.3
"762","6/19/2019","POTR","N117",26,"N117t26",11.5
"763","6/19/2019","POTR","N117",27,"N117t27",17.7
"764","6/19/2019","POTR","N117",28,"N117t28",13
"765","6/19/2019","POTR","N117",29,"N117t29",13.8
"766","6/19/2019","POTR","N117",30,"N117t30",5.7
"767","6/19/2019","POTR","N117",31,"N117t31",12.5
"768","6/19/2019","POTR","N117",32,"N117t32",9.5
"769","6/19/2019","POTR","N117",33,"N117t33",13
"770","6/19/2019","POTR","N117",34,"N117t34",6.3
"771","6/19/2019","POTR","N117",35,"N117t35",9.9
"772","6/19/2019","POTR","N117",36,"N117t36",5.4
"773","6/19/2019","POTR","N117",37,"N117t37",6.8
"774","6/19/2019","POTR","N117",38,"N117t38",13.8
"775","6/19/2019","POTR","N117",39,"N117t39",6.8
"776","6/19/2019","POTR","N117",40,"N117t40",10.5
"777","6/19/2019","POTR","N117",41,"N117t41",8.7
"778","6/19/2019","POTR","N117",42,"N117t42",5.6
"779","6/19/2019","POTR","N117",43,"N117t43",19.7
"780","6/19/2019","POTR","N117",44,"N117t44",7.7
"781","6/19/2019","POTR","N117",45,"N117t45",11.3
"782","6/19/2019","POTR","N117",46,"N117t46",11.1
"783","6/19/2019","POTR","N117",47,"N117t47",7.5
"784","6/19/2019","POTR","N117",48,"N117t48",10.9
"785","6/19/2019","POTR","N117",49,"N117t49",5.6
"786","6/19/2019","POTR","N117",50,"N117t50",8.2
"787","6/19/2019","POTR","N117",51,"N117t51",8.9
"788","6/19/2019","POTR","N117",52,"N117t52",9.6
"789","6/19/2019","POTR","N117",53,"N117t53",10.1
"790","6/19/2019","POTR","N117",54,"N117t54",11.9
"791","6/19/2019","POTR","N117",55,"N117t55",9.3
"792","6/19/2019","POTR","N117",56,"N117t56",8.4
"793","6/19/2019","POTR","N117",57,"N117t57",10.6
"794","6/19/2019","POTR","N117",58,"N117t58",13.7
"795","6/19/2019","POTR","N117",59,"N117t59",8.2
"796","6/19/2019","POTR","N117",60,"N117t60",11.5
"797","6/19/2019","POTR","N117",61,"N117t61",13
"798","6/19/2019","POTR","N117",62,"N117t62",6
"799","6/19/2019","POTR","N117",63,"N117t63",11.6
"800","6/19/2019","POTR","N117",64,"N117t64",9.1
"801","6/19/2019","POTR","N117",65,"N117t65",6.6
"802","6/19/2019","POTR","N117",66,"N117t66",12.4
"803","6/19/2019","POTR","N117",67,"N117t67",8.2
"804","6/19/2019","POTR","N117",68,"N117t68",6.1
"805","6/19/2019","POTR","N117",69,"N117t69",5.6
"806","6/19/2019","POTR","N117",70,"N117t70",9.7
"807","6/19/2019","POTR","N117",71,"N117t71",6.6
"808","6/19/2019","POTR","N117",72,"N117t72",6.3
"809","6/19/2019","POTR","N117",73,"N117t73",8.3
"810","6/19/2019","POTR","N117",74,"N117t74",6.4
"811","6/19/2019","POTR","N117",75,"N117t75",12.4
"812","6/19/2019","POTR","N117",76,"N117t76",5.2
"813","6/19/2019","POTR","N117",77,"N117t77",7
"814","6/19/2019","POTR","N117",78,"N117t78",7.2
"815","6/19/2019","POTR","N117",79,"N117t79",11
"816","6/19/2019","POTR","N117",80,"N117t80",5.9
"817","6/19/2019","POTR","N117",81,"N117t81",6.5
"818","6/19/2019","POTR","N117",82,"N117t82",12.4
"819","6/19/2019","POTR","N117",83,"N117t83",5.8
"820","6/19/2019","POTR","N117",84,"N117t84",6.4
"821","6/19/2019","POTR","N117",85,"N117t85",7.3
"822","6/19/2019","POTR","N117",86,"N117t86",6.4
"823","6/19/2019","POTR","N117",87,"N117t87",7.1
"824","6/19/2019","POTR","N117",88,"N117t88",8
"825","6/19/2019","POTR","N117",89,"N117t89",12.9
"826","6/19/2019","POTR","N117",90,"N117t90",8.4
"827","6/19/2019","POTR","N117",91,"N117t91",5.5
"828","6/19/2019","POTR","N117",92,"N117t92",5.6
"829","6/19/2019","POTR","N117",93,"N117t93",7
"830","6/19/2019","POTR","N117",94,"N117t94",11.7
"831","6/19/2019","POTR","N117",95,"N117t95",6.3
"832","6/19/2019","POTR","N117",96,"N117t96",6.3
"833","6/19/2019","POTR","N117",97,"N117t97",11.1
"834","6/19/2019","POTR","N117",98,"N117t98",6.6
"835","6/19/2019","POTR","N117",99,"N117t99",12.4
"836","6/19/2019","POTR","N117",100,"N117t100",6
"837","6/19/2019","POTR","N117",101,"N117t101",7.1
"838","6/19/2019","PIGL","N117",102,"N117t102",23.4
"839","6/19/2019","POTR","N117",103,"N117t103",12.7
"840","6/19/2019","POTR","N117",104,"N117104",10.7
"841","6/19/2019","POTR","N117",105,"N117t105",9.9
"842","6/19/2019","POTR","N117",106,"N117t106",6.1
"843","6/19/2019","POTR","N117",107,"N117107",7
"844","6/19/2019","POTR","N130",1,"N130t01",26.5
"845","6/19/2019","POTR","N130",2,"N130t02",33.4
"846","6/19/2019","BENE","N130",3,"N130t03",19.2
"847","6/19/2019","POTR","N130",4,"N130t04",21.9
"848","6/19/2019","POTR","N130",5,"N130t05",27.3
"849","6/19/2019","PIGL","N130",6,"N130t06",5.5
"850","6/19/2019","POBA","N130",7,"N130t07",18.6
"851","6/19/2019","POTR","N130",8,"N130t08",24.4
"852","6/19/2019","PIGL","N130",9,"N130t09",7.9
"853","6/19/2019","PIGL","N130",10,"N130t10",9.7
"854","6/19/2019","POTR","N130",11,"N130t11",29
"855","6/19/2019","POTR","N130",12,"N130t12",19.4
"856","6/19/2019","POTR","N130",13,"N130t13",19.9
"857","6/19/2019","POTR","N130",14,"N130t14",23.3
"858","6/19/2019","POTR","N130",15,"N130t15",25
"859","6/19/2019","POTR","N130",16,"N130t16",25.2
"860","6/19/2019","POTR","N130",17,"N130t17",26.2
"861","6/19/2019","PIGL","N130",18,"N130t18",41.7
"862","6/19/2019","POTR","N130",19,"N130t19",24.3
"863","6/19/2019","POTR","N130",20,"N130t20",28.7
"864","6/19/2019","POTR","N130",21,"N130t21",21.9
"865","6/19/2019","POBA","N130",22,"N130t22",11.1
"866","6/19/2019","POTR","N130",23,"N130t23",30.5
"867","6/19/2019","BENE","N130",24,"N130t24",9.5
"868","6/19/2019","BENE","N130",25,"N130t25",27.9
"869","6/19/2019","PIGL","N130",26,"N130t26",7
"870","6/19/2019","POTR","N130",27,"N130t27",24
"871","6/19/2019","POTR","N130",28,"N130t28",23.9
"872","6/19/2019","BENE","N130",29,"N130t29",17.7
"873","6/19/2019","POTR","N130",30,"N130t30",25.3
"874","6/19/2019","POTR","N130",31,"N130t31",26.5
"875","6/19/2019","POTR","N130",32,"N130t32",23.6
"876","6/19/2019","POTR","N130",33,"N130t33",20.3
"877","6/19/2019","POTR","N130",34,"N130t34",24.4
"878","6/19/2019","BENE","N130",35,"N130t35",17.6
"879","6/17/2019","POTR","N307",1,"N307t01",28.8
"880","6/17/2019","POTR","N307",2,"N307t02",15.7
"881","6/17/2019","POTR","N307",3,"N307t03",20.8
"882","6/17/2019","POTR","N307",4,"N307t04",23.6
"883","6/17/2019","POTR","N307",5,"N307t05",5
"884","6/17/2019","POTR","N307",6,"N307t06",27.1
"885","6/17/2019","POTR","N307",7,"N307t07",25.2
"886","6/17/2019","POTR","N307",8,"N307t08",15.5
"887","6/17/2019","POTR","N307",9,"N307t09",22
"888","6/17/2019","POTR","N307",10,"N307t10",28.5
"889","6/17/2019","POTR","N307",11,"N307t11",24.6
"890","6/17/2019","POTR","N307",12,"N307t12",20.6
"891","6/17/2019","POTR","N307",13,"N307t13",17.8
"892","6/17/2019","POTR","N307",14,"N307t14",21
"893","6/17/2019","POTR","N307",15,"N307t15",23.6
"894","6/17/2019","POTR","N307",16,"N307t16",22.8
"895","6/17/2019","POTR","N307",17,"N307t17",29.8
"896","6/17/2019","POTR","N307",18,"N307t18",20.1
"897","6/17/2019","POTR","N307",19,"N307t19",21.9
"898","6/17/2019","POTR","N307",20,"N307t20",13.2
"899","6/17/2019","POTR","N307",21,"N307t21",13.3
"900","6/17/2019","POTR","N307",22,"N307t22",20.9
"901","6/17/2019","POTR","N307",23,"N307t23",26.7
"902","6/17/2019","POTR","N307",24,"N307t24",30.1
"903","6/17/2019","POTR","N307",25,"N307t25",27
"904","6/17/2019","POTR","N307",26,"N307t26",12.6
"905","6/17/2019","POTR","N424",25,"N424t25",18.8
"906","6/17/2019","POTR","N424",15,"N424t15",17.4
"907","6/17/2019","POTR","N424",42,"N424t42",17.2
"908","6/17/2019","POTR","N424",31,"N424t31",17
"909","6/17/2019","PIGL","N424",32,"N424t32",16.9
"910","6/17/2019","POTR","N424",41,"N424t41",16.9
"911","6/17/2019","POTR","N424",24,"N424t24",16.7
"912","6/17/2019","POTR","N424",1,"N424t01",16.4
"913","6/17/2019","POTR","N424",39,"N424t39",16.1
"914","6/17/2019","PIGL","N424",29,"N424t29",15.9
"915","6/17/2019","POTR","N424",48,"N424t48",15.9
"916","6/17/2019","POTR","N424",47,"N424t47",15.7
"917","6/17/2019","POTR","N424",10,"N424t10",15.6
"918","6/17/2019","POTR","N424",52,"N424t52",15.5
"919","6/17/2019","POTR","N424",54,"N424t54",15.5
"920","6/17/2019","POTR","N424",2,"N424t02",15.3
"921","6/17/2019","POTR","N424",19,"N424t19",15.3
"922","6/17/2019","POTR","N424",38,"N424t38",15.3
"923","6/17/2019","POTR","N424",45,"N424t45",15.3
"924","6/17/2019","POTR","N424",14,"N424t14",14.7
"925","6/17/2019","POTR","N424",12,"N424t12",14.1
"926","6/17/2019","PIGL","N424",36,"N424t36",14.1
"927","6/17/2019","POTR","N424",50,"N424t50",13.9
"928","6/17/2019","POTR","N424",13,"N424t13",13.6
"929","6/17/2019","POTR","N424",43,"N424t43",13.4
"930","6/17/2019","PIGL","N424",44,"N424t44",13.1
"931","6/17/2019","PIGL","N424",27,"N424t27",13
"932","6/17/2019","POTR","N424",3,"N424t03",12.4
"933","6/17/2019","POTR","N424",49,"N424t49",12.4
"934","6/17/2019","PIGL","N424",20,"N424t20",12.3
"935","6/17/2019","BENE","N424",28,"N424t28",11.5
"936","6/17/2019","POTR","N424",46,"N424t46",11.2
"937","6/17/2019","PIGL","N424",57,"N424t57",11.2
"938","6/17/2019","POTR","N424",55,"N424t55",10.9
"939","6/17/2019","PIGL","N424",35,"N424t35",10.8
"940","6/17/2019","POTR","N424",51,"N424t51",10.6
"941","6/17/2019","POTR","N424",23,"N424t23",10.1
"942","6/17/2019","POTR","N424",9,"N424t09",10
"943","6/17/2019","PIGL","N424",6,"N424t06",9.8
"944","6/17/2019","POTR","N424",8,"N424t08",9.8
"945","6/17/2019","BENE","N424",26,"N424t26",9.6
"946","6/17/2019","POTR","N424",56,"N424t56",9.5
"947","6/17/2019","PIGL","N424",37,"N424t37",9.4
"948","6/17/2019","POTR","N424",11,"N424t11",9
"949","6/17/2019","PIGL","N424",4,"N424t04",8.7
"950","6/17/2019","POTR","N424",16,"N424t16",8.7
"951","6/17/2019","POTR","N424",53,"N424t53",8.5
"952","6/17/2019","BENE","N424",7,"N424t07",8.2
"953","6/17/2019","POTR","N424",5,"N424t05",7.7
"954","6/17/2019","BENE","N424",34,"N424t34",7.7
"955","6/17/2019","BENE","N424",17,"N424t17",7.6
"956","6/17/2019","PIGL","N424",18,"N424t18",7.5
"957","6/17/2019","BENE","N424",33,"N424t33",7.5
"958","6/17/2019","PIGL","N424",40,"N424t40",7.3
"959","6/17/2019","PIGL","N424",58,"N424t58",7.2
"960","6/17/2019","PIGL","N424",30,"N424t30",7
"961","6/17/2019","POTR","N424",59,"N424t59",6.4
"962","6/17/2019","PIGL","N424",22,"N424t22",5.5
"963","6/17/2019","BENE","N424",21,"N424t21",5.4
"964","9/26/2019","POTR","S157",1,"S157t01",25.1
"965","9/26/2019","PIGL","S157",2,"S157t02",16.4
"966","9/26/2019","PIGL","S157",3,"S157t03",12.6
"967","9/26/2019","PIGL","S157",4,"S157t04",13.9
"968","9/26/2019","PIGL","S157",5,"S157t05",17.9
"969","9/26/2019","POTR","S157",6,"S157t06",22.2
"970","9/26/2019","POTR","S157",7,"S157t07",25.6
"971","9/26/2019","PIGL","S157",8,"S157t08",12.1
"972","9/26/2019","POTR","S157",9,"S157t09",18.7
"973","9/26/2019","PIGL","S157",10,"S157t10",14.2
"974","9/26/2019","PIGL","S157",11,"S157t11",13.4
"975","9/26/2019","PIGL","S157",12,"S157t12",21.2
"976","9/26/2019","PIGL","S157",13,"S157t13",19.2
"977","9/26/2019","PIGL","S157",14,"S157t14",24.9
"978","9/26/2019","PIGL","S157",15,"S157t15",13
"979","9/26/2019","PIGL","S157",16,"S157t16",15.8
"980","9/26/2019","POTR","S157",17,"S157t17",21.1
"981","9/26/2019","PIGL","S157",18,"S157t18",6.6
"982","9/26/2019","PIGL","S157",19,"S157t19",15.8
"983","9/26/2019","PIGL","S157",20,"S157t20",14.8
"984","9/26/2019","PIGL","S157",21,"S157t21",18.2
"985","9/26/2019","PIGL","S157",22,"S157t22",5.6
"986","9/26/2019","PIGL","S157",23,"S157t23",8.5
"987","9/26/2019","POTR","S157",24,"S157t24",22.5
"988","9/26/2019","POTR","S157",25,"S157t25",25.2
"989","9/26/2019","POTR","S157",26,"S157t26",27.9
"990","9/26/2019","POTR","S157",27,"S157t27",28.2
"991","9/26/2019","POTR","S157",28,"S157t28",28.1
"992","9/26/2019","PIGL","S157",29,"S157t29",18.2
"993","9/26/2019","PIGL","S157",30,"S157t30",9.5
"994","9/26/2019","POTR","S157",31,"S157t31",12.9
"995","9/26/2019","POTR","S157",32,"S157t32",12.4
"996","9/26/2019","PIGL","S157",33,"S157t33",16
"997","9/26/2019","POTR","S157",34,"S157t34",15.6
"998","9/26/2019","PIGL","S157",35,"S157t35",9.8
"999","9/26/2019","PIGL","S157",36,"S157t36",16.3
"1000","9/26/2019","PIGL","S157",37,"S157t37",9.7
"1001","9/26/2019","PIGL","S157",38,"S157t38",11.9
"1002","9/26/2019","PIGL","S157",39,"S157t39",21.2
"1003","9/26/2019","PIGL","S157",40,"S157t40",9.5
"1004","9/26/2019","PIGL","S157",41,"S157t41",14.6
"1005","9/26/2019","POTR","S157",42,"S157t42",19.9
"1006","9/26/2019","PIGL","S157",43,"S157t43",19.2
"1007","9/26/2019","PIGL","S157",44,"S157t44",8.3
"1008","9/26/2019","PIGL","S157",45,"S157t45",17.1
"1009","9/26/2019","PIGL","S157",46,"S157t46",6.2
"1010","9/26/2019","PIGL","S157",47,"S157t47",6.2
"1011","9/26/2019","PIGL","S157",48,"S157t48",22.8
"1012","9/26/2019","PIGL","S157",49,"S157t49",12.8
"1013","9/26/2019","PIGL","S157",50,"S157t50",14.8
"1014","9/26/2019","PIGL","S157",51,"S157t51",9.4
"1015","9/26/2019","POTR","S157",52,"S157t52",22.6
"1016","9/26/2019","PIGL","S157",53,"S157t53",16.1
"1017","9/26/2019","PIGL","S157",54,"S157t54",14.2
"1018","9/26/2019","PIGL","S157",55,"S157t55",11
"1019","9/26/2019","PIGL","S157",56,"S157t56",12.8
"1020","9/26/2019","PIGL","S157",57,"S157t57",11.4
"1021","9/26/2019","PIGL","S157",58,"S157t58",23.8
"1022","9/26/2019","PIGL","S157",59,"S157t59",10.9
"1023","9/26/2019","PIGL","S157",60,"S157t60",15
"1024","9/26/2019","PIGL","S157",61,"S157t61",11
"1025","9/26/2019","PIGL","S157",62,"S157t62",7.3
"1026","9/26/2019","PIGL","S157",63,"S157t63",12.1
"1027","9/26/2019","POTR","S157",64,"S157t64",34.4
"1028","9/26/2019","POTR","S157",65,"S157t65",22.2
"1029","9/26/2019","PIGL","S157",66,"S157t66",6.3
"1030","9/26/2019","PIGL","S157",67,"S157t67",8.9
"1031","9/26/2019","PIGL","S157",68,"S157t68",13.8
"1032","9/26/2019","PIGL","S157",69,"S157t69",16.5
"1033","9/26/2019","POTR","S157",70,"S157t70",26.7
"1034","9/26/2019","PIGL","S157",71,"S157t71",8.5
"1035","9/26/2019","POTR","S157",72,"S157t72",30.1
"1036","9/26/2019","PIGL","S157",73,"S157t73",20.1
"1037","9/26/2019","PIGL","S157",74,"S157t74",15.7
"1038","9/26/2019","PIGL","S157",75,"S157t75",8.8
"1039","9/26/2019","PIGL","S157",76,"S157t76",10.6
"1040","9/26/2019","PIGL","S157",77,"S157t77",8.3
"1041","9/26/2019","PIGL","S157",78,"S157t78",16.4
"1042","9/26/2019","PIGL","S157",79,"S157t79",17.5
"1043","9/26/2019","PIGL","S157",80,"S157t80",8.2
"1044","9/26/2019","PIGL","S157",81,"S157t81",13
"1045","9/26/2019","PIGL","S157",82,"S157t82",7.4
"1046","9/26/2019","POTR","S157",83,"S157t83",26.4
"1047","9/26/2019","POTR","S157",84,"S157t84",30.2
"1048","9/26/2019","PIGL","S157",85,"S157t85",8.7
"1049","9/26/2019","PIGL","S157",86,"S157t86",16.6
"1050","9/26/2019","POTR","S157",87,"S157t87",18.6
"1051","9/26/2019","PIGL","S157",88,"S157t88",12.7
"1052","9/26/2019","PIGL","S157",89,"S157t89",12.2
"1053","9/26/2019","PIGL","S157",90,"S157t90",8.9
"1054","9/26/2019","POTR","S157",91,"S157t91",26.2
"1055","9/26/2019","POTR","S157",92,"S157t92",16.7
"1056","9/26/2019","PIGL","S157",93,"S157t93",7.1
"1057","9/26/2019","PIGL","S157",94,"S157t94",20.5
"1058","9/26/2019","PIGL","S157",95,"S157t95",8.5
"1059","9/26/2019","PIGL","S157",96,"S157t96",8.7
"1060","9/26/2019","PIGL","S157",97,"S157t97",12.8
"1061","9/26/2019","PIGL","S157",98,"S157t98",9.4
"1062","9/26/2019","PIGL","S157",99,"S157t99",9.3
"1063","9/26/2019","PIGL","S157",100,"S157t100",14.9
"1064","9/26/2019","PIGL","S157",101,"S157t101",13.8
"1065","9/26/2019","POTR","S157",102,"S157102",24.1
"1066","9/26/2019","PIGL","S157",103,"S157t103",10.5
"1067","9/26/2019","PIGL","S157",104,"S157t104",11.8
"1068","9/26/2019","PIGL","S157",105,"S157t105",16.5
"1069","9/26/2019","POTR","S157",106,"S157t106",24.2
"1070","9/26/2019","PIGL","S157",107,"S157t107",11.2
"1071","9/26/2019","PIGL","S157",108,"S157t108",11.4
"1072","9/26/2019","PIGL","S157",109,"S157t109",6.8
"1073","9/26/2019","PIGL","S157",110,"S157t110",10.7
"1074","9/26/2019","PIGL","S157",111,"S157t111",11.2
"1075","9/26/2019","PIGL","S157",112,"S157t112",9.9
"1076","9/26/2019","PIGL","S157",113,"S157t113",7.4
"1077","9/26/2019","PIGL","S157",114,"S157t114",14.5
"1078","9/26/2019","POTR","S157",115,"S157t115",26.6
"1079","9/26/2019","PIGL","S157",116,"S157t116",11.7
"1080","6/25/2019","POTR","S244",1,"S244t01",26.5
"1081","6/25/2019","POTR","S244",2,"S244t02",25.3
"1082","6/25/2019","POTR","S244",3,"S244t03",25.1
"1083","6/25/2019","POTR","S244",4,"S244t04",22.9
"1084","6/25/2019","POTR","S244",5,"S244t05",23.9
"1085","6/25/2019","POTR","S244",6,"S244t06",24.2
"1086","6/25/2019","POTR","S244",7,"S244t07",24.3
"1087","6/25/2019","POTR","S244",8,"S244t08",21.6
"1088","6/25/2019","POTR","S244",9,"S244t09",8.5
"1089","6/25/2019","POTR","S244",10,"S244t10",26.1
"1090","6/25/2019","POTR","S244",11,"S244t11",10.6
"1091","6/25/2019","POTR","S244",12,"S244t12",9.1
"1092","6/25/2019","POTR","S244",13,"S244t13",25.7
"1093","6/25/2019","POTR","S244",14,"S244t14",5.8
"1094","6/25/2019","POTR","S244",15,"S244t15",7.9
"1095","6/25/2019","POTR","S244",16,"S244t16",11.4
"1096","6/25/2019","POTR","S244",17,"S244t17",10.2
"1097","6/25/2019","PIGL","S244",18,"S244t18",6.8
"1098","6/25/2019","POTR","S244",19,"S244t19",27.4
"1099","6/25/2019","POTR","S244",20,"S244t20",21.2
"1100","6/25/2019","POTR","S244",21,"S244t21",23
"1101","6/25/2019","POTR","S244",22,"S244t22",21.5
"1102","6/25/2019","POTR","S244",23,"S244t23",23.2
"1103","6/25/2019","POTR","S244",24,"S244t24",25
"1104","6/27/2019","POTR","T105",1,"T105t01",13.8
"1105","6/27/2019","POTR","T105",2,"T105t02",14.5
"1106","6/27/2019","POTR","T105",3,"T105t03",15.2
"1107","6/27/2019","POTR","T105",4,"T105t04",12.8
"1108","6/27/2019","POTR","T105",5,"T105t05",11
"1109","6/27/2019","POTR","T105",6,"T105t06",6.1
"1110","6/27/2019","POTR","T105",7,"T105t07",12.1
"1111","6/27/2019","POTR","T105",8,"T105t08",12.8
"1112","6/27/2019","POTR","T105",9,"T105t09",12.1
"1113","6/27/2019","POTR","T105",10,"T105t10",7.1
"1114","6/27/2019","POTR","T105",11,"T105t11",14.9
"1115","6/27/2019","POTR","T105",12,"T105t12",11.5
"1116","6/27/2019","POTR","T105",13,"T105t13",14.5
"1117","6/27/2019","POTR","T105",14,"T105t14",10.8
"1118","6/27/2019","POTR","T105",15,"T105t15",15.9
"1119","6/27/2019","POTR","T105",16,"T105t16",9.8
"1120","6/27/2019","POTR","T105",17,"T105t17",12.1
"1121","6/27/2019","PIGL","T105",18,"T105t18",14
"1122","6/27/2019","POTR","T105",19,"T105t19",15.8
"1123","6/27/2019","POTR","T105",20,"T105t20",17.3
"1124","6/27/2019","POTR","T105",21,"T105t21",10.8
"1125","6/27/2019","POTR","T105",22,"T105t22",11.8
"1126","6/27/2019","POTR","T105",23,"T105t23",11.5
"1127","6/27/2019","POTR","T105",24,"T105t24",13.2
"1128","6/27/2019","POTR","T105",25,"T105t25",11.2
"1129","6/27/2019","POTR","T105",26,"T105t26",11.5
"1130","6/27/2019","PIGL","T105",27,"T105t27",34.2
"1131","6/27/2019","POTR","T105",28,"T105t28",16.8
"1132","6/27/2019","POTR","T105",29,"T105t29",16.7
"1133","6/27/2019","POTR","T105",30,"T105t30",12.8
"1134","6/27/2019","POTR","T105",31,"T105t31",7.1
"1135","6/27/2019","POTR","T105",32,"T105t32",19.7
"1136","6/27/2019","POTR","T105",33,"T105t33",16.5
"1137","6/27/2019","POTR","T105",34,"T105t34",13.8
"1138","6/27/2019","PIGL","T105",35,"T105t35",12.9
"1139","6/27/2019","POTR","T105",36,"T105t36",13.3
"1140","6/27/2019","POTR","T105",37,"T105t37",7.8
"1141","6/27/2019","PIGL","T105",38,"T105t38",27.4
"1142","6/27/2019","POTR","T105",39,"T105t39",10.8
"1143","7/29/2015","POTR","BCEF",1,"BCEFPt01",55.3
"1144","7/29/2015","POTR","BCEF",2,"BCEFPt02",37.6
"1145","7/29/2015","POTR","BCEF",6,"BCEFPt06",40.6
"1146","7/29/2015","POTR","BCEF",7,"BCEFPt07",44.3
"1147","7/29/2015","POTR","BCEF",9,"BCEFPt09",36.4
"1148","7/29/2015","POTR","BCEF",10,"BCEFPt10",41.1
"1149","7/29/2015","POTR","BCEF",11,"BCEFPt11",33
"1150","7/29/2015","POTR","BCEF",13,"BCEFPt13",30
"1151","7/29/2015","POTR","BCEF",14,"BCEFPt14",36.1
"1152","7/29/2015","POTR","BCEF",15,"BCEFPt15",34.6
"1153","7/29/2015","POTR","BCEF",16,"BCEFPt16",35.9
"1154","7/29/2015","POTR","BCEF",17,"BCEFPt17",38.8
"1155","7/29/2015","POTR","BCEF",18,"BCEFPt18",39.3
"1156","7/29/2015","POTR","BCEF",20,"BCEFPt20",47.7
"1157","7/29/2015","POTR","BCEF",21,"BCEFPt21",40
"1158","7/29/2015","POTR","BCEF",22,"BCEFPt22",36.4
"1159","7/29/2015","POTR","BCEF",24,"BCEFPt24",36.2
"1160","7/29/2015","POTR","BCEF",26,"BCEFPt26",57.3
"1161","6/7/2016","POTR","BD3.5",1,"BD3.5P01",19.1
"1162","6/7/2016","POTR","BD3.5",2,"BD3.5P02",28.4
"1163","6/7/2016","POTR","BD3.5",3,"BD3.5P03",24.8
"1164","6/7/2016","POTR","BD3.5",4,"BD3.5P04",24.6
"1165","6/7/2016","POTR","BD3.5",5,"BD3.5P05",24.3
"1166","6/7/2016","POTR","BD3.5",6,"BD3.5P06",22.3
"1167","6/7/2016","POTR","BD3.5",7,"BD3.5P07",19.6
"1168","6/7/2016","POTR","BD3.5",8,"BD3.5P08",11.4
"1169","6/7/2016","POTR","BD3.5",9,"BD3.5P09",12.1
"1170","6/7/2016","POTR","BD3.5",10,"BD3.5P10",12
"1171","6/7/2016","POTR","BD3.5",11,"BD3.5P11",15
"1172","6/7/2016","POTR","BD3.5",12,"BD3.5P12",15.3
"1173","6/7/2016","POTR","BD3.5",13,"BD3.5P13",12.2
"1174","6/7/2016","POTR","BD3.5",14,"BD3.5P14",14.6
"1175","6/7/2016","POTR","BD3.5",15,"BD3.5P15",22.6
"1176","6/7/2016","POTR","BD3.5",16,"BD3.5P16",15.1
"1177","6/7/2016","POTR","BD3.5",17,"BD3.5P17",13.6
"1178","6/7/2016","POTR","BD3.5",18,"BD3.5P18",13.2
"1179","6/7/2016","POTR","BD3.5",19,"BD3.5P19",12.1
"1180","6/7/2016","POTR","BD3.5",20,"BD3.5P20",13.6
"1181","6/7/2016","POTR","BD3.5",21,"BD3.5P21",13.5
"1182","6/7/2016","POTR","BD3.5",22,"BD3.5P22",14.5
"1183","6/7/2016","POTR","BD3.5",23,"BD3.5P23",12
"1184","6/7/2016","POTR","BD3.5",24,"BD3.5P24",13.4
"1185","6/7/2016","POTR","BD3.5",25,"BD3.5P25",13
"1186","6/7/2016","POTR","BD3.5",26,"BD3.5P26",28.3
"1187","7/30/2015","POTR","CPCPRW",1,"CPCRPt01",28.4
"1188","7/30/2015","POTR","CPCPRW",2,"CPCRPt02",36.9
"1189","7/30/2015","POTR","CPCPRW",3,"CPCRPt03",28.1
"1190","7/30/2015","POTR","CPCPRW",4,"CPCRPt04",26.5
"1191","7/30/2015","POTR","CPCPRW",5,"CPCRPt05",33.8
"1192","7/30/2015","POTR","CPCPRW",6,"CPCRPt06",28.4
"1193","7/30/2015","POTR","CPCPRW",7,"CPCRPt07",35.2
"1194","7/30/2015","POTR","CPCPRW",8,"CPCRPt08",29.6
"1195","7/30/2015","POTR","CPCPRW",9,"CPCRPt09",23.8
"1196","7/30/2015","POTR","CPCPRW",10,"CPCRPt10",29.4
"1197","7/30/2015","POTR","CPCPRW",11,"CPCRPt11",31
"1198","7/30/2015","POTR","CPCPRW",12,"CPCRPt12",24.5
"1199","7/30/2015","POTR","CPCPRW",13,"CPCRPt13",35.6
"1200","7/30/2015","POTR","CPCPRW",14,"CPCRPt14",38.1
"1201","7/30/2015","POTR","CPCPRW",15,"CPCRPt15",31
"1202","7/30/2015","POTR","CPCPRW",16,"CPCRPt16",24.9
"1203","7/30/2015","POTR","CPCPRW",18,"CPCRPt18",29.8
"1204","7/30/2015","POTR","CPCPRW",19,"CPCRPt19",32.4
"1205","7/30/2015","POTR","CPCPRW",20,"CPCRPt20",25.1
"1206","7/30/2015","POTR","CPCPRW",21,"CPCRPt21",27.1
"1207","7/30/2015","POTR","CPCPRW",22,"CPCRPt22",27.4
"1208","7/30/2015","POTR","CPCPRW",23,"CPCRPt23",30.9
"1209","7/30/2015","POTR","CPCPRW",24,"CPCRPt24",25.2
"1210","7/30/2015","POTR","CPCPRW",25,"CPCRPt25",30.1
"1211","7/14/2013","POTR","F028",5,"F028Pt05",30.9
"1212","7/14/2013","POTR","F028",13,"F028Pt13",22.2
"1213","7/14/2013","POTR","F028",24,"F028Pt24",14.2
"1214","7/11/2016","POTR","F028",12,"F281_012",17.5
"1215","7/11/2016","POTR","F028",22,"F281_022",25.7
"1216","7/11/2016","POTR","F028",24,"F281_024",27.2
"1217","7/11/2016","POTR","F028",69,"F281_069",19.3
"1218","7/9/2013","POTR","LVN137",11,"L13711",22
"1219","7/9/2013","POTR","LVN137",12,"L13712",22.5
"1220","7/9/2013","POTR","LVN137",18,"L13718",24.7
"1221","7/9/2013","POTR","LVN137",28,"L13728",23.8
"1222","6/1/2016","POTR","MDMX",1,"MDMXPt01",31.5
"1223","6/1/2016","POTR","MDMX",2,"MDMXPt02",29.4
"1224","6/1/2016","POTR","MDMX",3,"MDMXPt03",29.6
"1225","6/1/2016","POTR","MDMX",4,"MDMXPt04",25.2
"1226","6/1/2016","POTR","MDMX",5,"MDMXPt05",29
"1227","6/1/2016","POTR","MDMX",6,"MDMXPt06",25.3
"1228","6/1/2016","POTR","MDMX",7,"MDMXPt07",27
"1229","6/1/2016","POTR","MDMX",8,"MDMXPt08",29.9
"1230","6/1/2016","POTR","MDMX",9,"MDMXPt09",32
"1231","6/1/2016","POTR","MDMX",10,"MDMXPt10",31.1
"1232","6/1/2016","POTR","MDMX",11,"MDMXPt11",32.1
"1233","6/1/2016","POTR","MDMX",12,"MDMXPt12",30.9
"1234","6/1/2016","POTR","MDMX",13,"MDMXPt13",21.1
"1235","6/1/2016","POTR","MDMX",14,"MDMXPt14",25.8
"1236","6/1/2016","POTR","MDMX",15,"MDMXPt15",25.7
"1237","6/1/2016","POTR","MDMX",16,"MDMXPt16",26.9
"1238","6/1/2016","POTR","MDMX",17,"MDMXPt17",25.8
"1239","6/1/2016","POTR","MDMX",18,"MDMXPt18",26.2
"1240","6/1/2016","POTR","MDMX",19,"MDMXPt19",25.7
"1241","6/1/2016","POTR","MDMX",20,"MDMXPt20",29.4
"1242","6/1/2016","POTR","MDMX",21,"MDMXPt21",29
"1243","6/1/2016","POTR","MDMX",22,"MDMXPt22",28.1
"1244","6/1/2016","POTR","MDMX",23,"MDMXPt23",28.4
"1245","6/1/2016","POTR","MDMX",24,"MDMXPt24",27.1
"1246","6/1/2016","POTR","MDMX",25,"MDMXPt25",29.2
"1247","6/1/2016","POTR","MDMX",26,"MDMXPt26",26.5
"1248","8/1/2016","POTR","TCC01",1,"tcc01",18.5
"1249","8/2/2016","POTR","TCC04",4,"tcc04",17.8
"1250","8/3/2016","POTR","TCC05",5,"tcc05",23.4
"1251","8/4/2016","POTR","TCC55_57",55,"tcc55",14
"1252","8/4/2016","POTR","TCC55_57",56,"tcc56",12.4
"1253","8/4/2016","POTR","TCC55_57",57,"tcc57",15.2
